{"cameraMode":{"drawMode":0,"name":"Shaded","section":"Shading Mode"},"sceneLighting":false,"audioPlay":false,"sceneViewState":{"showFog":true,"showMaterialUpdate":true,"showSkybox":false,"showFlares":true,"showImageEffects":true,"showParticleSystems":true},"in2DMode":false,"pivot":{"x":-0.11790084838867188,"y":0.20433080196380616,"z":0.2818489074707031},"rotation":{"x":-0.06583313643932343,"y":-0.9115800261497498,"z":0.1611817330121994,"w":-0.3724358081817627},"size":12.598699569702149,"orthographic":false}