{"cameraMode":{"drawMode":0,"name":"Shaded","section":"Shading Mode"},"sceneLighting":true,"audioPlay":false,"sceneViewState":{"showFog":true,"showMaterialUpdate":false,"showSkybox":false,"showFlares":true,"showImageEffects":true,"showParticleSystems":true},"in2DMode":false,"pivot":{"x":-3.010000228881836,"y":1.4180002212524415,"z":0.18900012969970704},"rotation":{"x":0.02924165688455105,"y":-0.6967679858207703,"z":0.028451671823859216,"w":0.7161354422569275},"size":60.01556396484375,"orthographic":false}