{"cameraMode":{"drawMode":0,"name":"Shaded","section":"Shading Mode"},"sceneLighting":false,"audioPlay":false,"sceneViewState":{"showFog":true,"showMaterialUpdate":true,"showSkybox":false,"showFlares":true,"showImageEffects":true,"showParticleSystems":true},"in2DMode":false,"pivot":{"x":4.4596476554870609,"y":0.16517868638038636,"z":4.162468910217285},"rotation":{"x":-0.22859413921833039,"y":-0.2891494035720825,"z":0.071314737200737,"w":-0.9268503189086914},"size":2.83239483833313,"orthographic":false}