{"cameraMode":{"drawMode":0,"name":"Shaded","section":"Shading Mode"},"sceneLighting":false,"audioPlay":false,"sceneViewState":{"showFog":true,"showMaterialUpdate":false,"showSkybox":false,"showFlares":true,"showImageEffects":true,"showParticleSystems":true},"in2DMode":false,"pivot":{"x":-0.1815168857574463,"y":0.7307813167572022,"z":-0.5373056530952454},"rotation":{"x":-0.12800762057304383,"y":-0.253765344619751,"z":0.0338967926800251,"w":-0.9581587910652161},"size":7.161463737487793,"orthographic":false}