{"cameraMode":{"drawMode":0,"name":"Shaded","section":"Shading Mode"},"sceneLighting":false,"audioPlay":false,"sceneViewState":{"showFog":true,"showMaterialUpdate":true,"showSkybox":false,"showFlares":true,"showImageEffects":true,"showParticleSystems":true},"in2DMode":false,"pivot":{"x":-6.864999771118164,"y":0.9505000114440918,"z":0.0},"rotation":{"x":0.031866688281297687,"y":0.6852191686630249,"z":-0.030042968690395356,"w":0.7270190119743347},"size":22.96390151977539,"orthographic":false}