{"cameraMode":{"drawMode":0,"name":"Shaded","section":"Shading Mode"},"sceneLighting":false,"audioPlay":false,"sceneViewState":{"showFog":true,"showMaterialUpdate":true,"showSkybox":false,"showFlares":true,"showImageEffects":true,"showParticleSystems":true},"in2DMode":false,"pivot":{"x":-5.796850204467773,"y":2.06303334236145,"z":-0.025901317596435548},"rotation":{"x":0.013430268503725529,"y":0.6009608507156372,"z":-0.010107850655913353,"w":0.799101710319519},"size":7.48472785949707,"orthographic":false}