{"cameraMode":{"drawMode":0,"name":"Shaded","section":"Shading Mode"},"sceneLighting":true,"audioPlay":false,"sceneViewState":{"showFog":true,"showMaterialUpdate":true,"showSkybox":false,"showFlares":true,"showImageEffects":true,"showParticleSystems":true},"in2DMode":false,"pivot":{"x":-8.35883903503418,"y":2.0399999618530275,"z":8.249311447143555},"rotation":{"x":-0.2467229813337326,"y":-0.009596525691449643,"z":0.002443191595375538,"w":-0.9690355062484741},"size":6.084545612335205,"orthographic":false}