{"cameraMode":{"drawMode":0,"name":"Shaded","section":"Shading Mode"},"sceneLighting":false,"audioPlay":false,"sceneViewState":{"showFog":true,"showMaterialUpdate":true,"showSkybox":false,"showFlares":true,"showImageEffects":true,"showParticleSystems":true},"in2DMode":false,"pivot":{"x":-0.19253206253051759,"y":0.916206955909729,"z":0.25489556789398196},"rotation":{"x":-0.10816045850515366,"y":-0.7482262253761292,"z":0.12597450613975526,"w":-0.6423311829566956},"size":7.115810871124268,"orthographic":false}