{"cameraMode":{"drawMode":0,"name":"Shaded","section":"Shading Mode"},"sceneLighting":false,"audioPlay":false,"sceneViewState":{"showFog":true,"showMaterialUpdate":true,"showSkybox":false,"showFlares":true,"showImageEffects":true,"showParticleSystems":true},"in2DMode":false,"pivot":{"x":4.4596476554870609,"y":0.16517868638038636,"z":4.162468910217285},"rotation":{"x":-0.2467229813337326,"y":-0.009596525691449643,"z":0.002443191595375538,"w":-0.9690355062484741},"size":2.83239483833313,"orthographic":false}