{"cameraMode":{"drawMode":0,"name":"Shaded","section":"Shading Mode"},"sceneLighting":false,"audioPlay":false,"sceneViewState":{"showFog":true,"showMaterialUpdate":true,"showSkybox":false,"showFlares":true,"showImageEffects":true,"showParticleSystems":true},"in2DMode":false,"pivot":{"x":34.248817443847659,"y":2.04878306388855,"z":1.1620439291000367},"rotation":{"x":-0.010688761249184609,"y":-0.8883274793624878,"z":0.020712001249194146,"w":-0.45861878991127016},"size":11.632492065429688,"orthographic":false}