{"cameraMode":{"drawMode":0,"name":"Shaded","section":"Shading Mode"},"sceneLighting":false,"audioPlay":false,"sceneViewState":{"showFog":true,"showMaterialUpdate":false,"showSkybox":false,"showFlares":true,"showImageEffects":true,"showParticleSystems":true},"in2DMode":false,"pivot":{"x":-3.8268022537231447,"y":1.2993196249008179,"z":0.39261525869369509},"rotation":{"x":-0.15293852984905244,"y":-0.7779067754745483,"z":0.207613006234169,"w":-0.5730337500572205},"size":1.6799817085266114,"orthographic":false}