{"cameraMode":{"drawMode":0,"name":"Shaded","section":"Shading Mode"},"sceneLighting":true,"audioPlay":false,"sceneViewState":{"showFog":true,"showMaterialUpdate":true,"showSkybox":false,"showFlares":true,"showImageEffects":true,"showParticleSystems":true},"in2DMode":false,"pivot":{"x":-13.076205253601075,"y":1.9010000228881837,"z":0.03299987316131592},"rotation":{"x":0.031866688281297687,"y":0.6852191686630249,"z":-0.030042968690395356,"w":0.7270190119743347},"size":5.675055980682373,"orthographic":false}