{"cameraMode":{"drawMode":0,"name":"Shaded","section":"Shading Mode"},"sceneLighting":false,"audioPlay":false,"sceneViewState":{"showFog":true,"showMaterialUpdate":true,"showSkybox":false,"showFlares":true,"showImageEffects":true,"showParticleSystems":true},"in2DMode":false,"pivot":{"x":-14.042291641235352,"y":1.9023401737213135,"z":0.00038362666964530945},"rotation":{"x":0.0840059295296669,"y":0.5977149605751038,"z":-0.06318394839763642,"w":0.7947878241539002},"size":0.5562092065811157,"orthographic":false}