{"cameraMode":{"drawMode":0,"name":"Shaded","section":"Shading Mode"},"sceneLighting":false,"audioPlay":false,"sceneViewState":{"showFog":true,"showMaterialUpdate":false,"showSkybox":false,"showFlares":true,"showImageEffects":true,"showParticleSystems":true},"in2DMode":false,"pivot":{"x":6.163559436798096,"y":1.1961888074874879,"z":-0.2653273940086365},"rotation":{"x":-0.2736985683441162,"y":-0.10066712647676468,"z":0.028818471357226373,"w":-0.956098735332489},"size":5.957982540130615,"orthographic":false}