{"cameraMode":{"drawMode":0,"name":"Shaded","section":"Shading Mode"},"sceneLighting":true,"audioPlay":false,"sceneViewState":{"showFog":true,"showMaterialUpdate":false,"showSkybox":false,"showFlares":true,"showImageEffects":true,"showParticleSystems":true},"in2DMode":false,"pivot":{"x":1.3099998235702515,"y":1.5099999904632569,"z":-0.042000025510787967},"rotation":{"x":-0.10484872758388519,"y":0.5450173616409302,"z":-0.06893162429332733,"w":-0.8289821147918701},"size":5.207313060760498,"orthographic":false}