{"cameraMode":{"drawMode":0,"name":"Shaded","section":"Shading Mode"},"sceneLighting":true,"audioPlay":false,"sceneViewState":{"showFog":true,"showMaterialUpdate":true,"showSkybox":true,"showFlares":true,"showImageEffects":true,"showParticleSystems":true},"in2DMode":false,"pivot":{"x":397.2320861816406,"y":404.6720886230469,"z":21.160696029663087},"rotation":{"x":-0.0652538537979126,"y":-0.016866274178028108,"z":0.0011023484403267503,"w":-0.9977256059646606},"size":666.0399169921875,"orthographic":false}