{"cameraMode":{"drawMode":0,"name":"Shaded","section":"Shading Mode"},"sceneLighting":true,"audioPlay":false,"sceneViewState":{"showFog":true,"showMaterialUpdate":false,"showSkybox":false,"showFlares":true,"showImageEffects":true,"showParticleSystems":true},"in2DMode":false,"pivot":{"x":-7.902500152587891,"y":1.9010000228881837,"z":0.0},"rotation":{"x":-0.10484872758388519,"y":0.5450173616409302,"z":-0.06893162429332733,"w":-0.8289821147918701},"size":27.936260223388673,"orthographic":false}