{"cameraMode":{"drawMode":0,"name":"Shaded","section":"Shading Mode"},"sceneLighting":false,"audioPlay":false,"sceneViewState":{"showFog":true,"showMaterialUpdate":true,"showSkybox":false,"showFlares":true,"showImageEffects":true,"showParticleSystems":true},"in2DMode":false,"pivot":{"x":0.023827075958251954,"y":3.281024932861328,"z":1.1920928955078126e-7},"rotation":{"x":-0.039400067180395129,"y":0.29031094908714297,"z":0.011972297914326191,"w":0.956045925617218},"size":12.88320255279541,"orthographic":false}