{"cameraMode":{"drawMode":0,"name":"Shaded","section":"Shading Mode"},"sceneLighting":true,"audioPlay":false,"sceneViewState":{"showFog":true,"showMaterialUpdate":false,"showSkybox":false,"showFlares":true,"showImageEffects":true,"showParticleSystems":true},"in2DMode":false,"pivot":{"x":-3.010000228881836,"y":1.4180001020431519,"z":0.18900012969970704},"rotation":{"x":-0.10484872758388519,"y":0.5450173616409302,"z":-0.06893162429332733,"w":-0.8289821147918701},"size":24.006223678588868,"orthographic":false}