{"cameraMode":{"drawMode":0,"name":"Shaded","section":"Shading Mode"},"sceneLighting":false,"audioPlay":false,"sceneViewState":{"showFog":true,"showMaterialUpdate":true,"showSkybox":false,"showFlares":true,"showImageEffects":true,"showParticleSystems":true},"in2DMode":false,"pivot":{"x":337.04998779296877,"y":616.4500122070313,"z":0.0},"rotation":{"x":-0.19908133149147035,"y":0.18886904418468476,"z":-0.03913380205631256,"w":-0.9608140587806702},"size":159.84149169921876,"orthographic":false}