{"cameraMode":{"drawMode":0,"name":"Shaded","section":"Shading Mode"},"sceneLighting":true,"audioPlay":false,"sceneViewState":{"showFog":true,"showMaterialUpdate":false,"showSkybox":false,"showFlares":true,"showImageEffects":true,"showParticleSystems":true},"in2DMode":false,"pivot":{"x":-2.600693702697754,"y":0.2603299617767334,"z":-1.2653818130493165},"rotation":{"x":-0.10484872758388519,"y":0.5450173616409302,"z":-0.06893162429332733,"w":-0.8289821147918701},"size":20.005186080932618,"orthographic":false}