{"cameraMode":{"drawMode":0,"name":"Shaded","section":"Shading Mode"},"sceneLighting":false,"audioPlay":false,"sceneViewState":{"showFog":true,"showMaterialUpdate":true,"showSkybox":false,"showFlares":true,"showImageEffects":true,"showParticleSystems":true},"in2DMode":false,"pivot":{"x":-6.240000247955322,"y":1.4860000610351563,"z":0.125},"rotation":{"x":0.013430268503725529,"y":0.6009608507156372,"z":-0.010107850655913353,"w":0.799101710319519},"size":43.858489990234378,"orthographic":false}