{"cameraMode":{"drawMode":0,"name":"Shaded","section":"Shading Mode"},"sceneLighting":true,"audioPlay":false,"sceneViewState":{"showFog":true,"showMaterialUpdate":true,"showSkybox":false,"showFlares":true,"showImageEffects":true,"showParticleSystems":true},"in2DMode":false,"pivot":{"x":-2.6006898880004885,"y":-0.02266991138458252,"z":-1.2653818130493165},"rotation":{"x":0.031866688281297687,"y":0.6852191686630249,"z":-0.030042968690395356,"w":0.7270190119743347},"size":22.0,"orthographic":false}