{"cameraMode":{"drawMode":0,"name":"Shaded","section":"Shading Mode"},"sceneLighting":false,"audioPlay":false,"sceneViewState":{"showFog":true,"showMaterialUpdate":false,"showSkybox":false,"showFlares":true,"showImageEffects":true,"showParticleSystems":true},"in2DMode":false,"pivot":{"x":-0.4473881721496582,"y":-1.709852933883667,"z":0.050160884857177737},"rotation":{"x":0.061859358102083209,"y":-0.20062269270420075,"z":-0.01269375067204237,"w":-0.9776312708854675},"size":5.834815502166748,"orthographic":false}