{"cameraMode":{"drawMode":0,"name":"Shaded","section":"Shading Mode"},"sceneLighting":false,"audioPlay":false,"sceneViewState":{"showFog":true,"showMaterialUpdate":true,"showSkybox":false,"showFlares":true,"showImageEffects":true,"showParticleSystems":true},"in2DMode":false,"pivot":{"x":4.4596476554870609,"y":0.16517868638038636,"z":4.162468910217285},"rotation":{"x":-0.04845912754535675,"y":-0.662043571472168,"z":0.04296659678220749,"w":-0.7466618418693543},"size":2.83239483833313,"orthographic":false}