{"cameraMode":{"drawMode":0,"name":"Shaded","section":"Shading Mode"},"sceneLighting":true,"audioPlay":false,"sceneViewState":{"showFog":true,"showMaterialUpdate":false,"showSkybox":false,"showFlares":true,"showImageEffects":true,"showParticleSystems":true},"in2DMode":false,"pivot":{"x":-3.0099997520446779,"y":1.0163025856018067,"z":1.1412773132324219},"rotation":{"x":-0.1144786849617958,"y":-0.5241471529006958,"z":0.071358822286129,"w":-0.8408759832382202},"size":6.720091819763184,"orthographic":false}