{"cameraMode":{"drawMode":0,"name":"Shaded","section":"Shading Mode"},"sceneLighting":false,"audioPlay":false,"sceneViewState":{"showFog":true,"showMaterialUpdate":false,"showSkybox":false,"showFlares":true,"showImageEffects":true,"showParticleSystems":true},"in2DMode":false,"pivot":{"x":6.196909427642822,"y":0.8929740786552429,"z":-0.3460170030593872},"rotation":{"x":-0.17277328670024873,"y":-0.04273555800318718,"z":0.007504557725042105,"w":-0.9840055108070374},"size":2.8792037963867189,"orthographic":false}