{"cameraMode":{"drawMode":0,"name":"Shaded","section":"Shading Mode"},"sceneLighting":false,"audioPlay":false,"sceneViewState":{"showFog":true,"showMaterialUpdate":true,"showSkybox":false,"showFlares":true,"showImageEffects":true,"showParticleSystems":true},"in2DMode":false,"pivot":{"x":-7.510000228881836,"y":0.039999961853027347,"z":9.51584243774414},"rotation":{"x":-0.04845912754535675,"y":-0.662043571472168,"z":0.04296659678220749,"w":-0.7466618418693543},"size":5.998696804046631,"orthographic":false}