{"cameraMode":{"drawMode":0,"name":"Shaded","section":"Shading Mode"},"sceneLighting":false,"audioPlay":false,"sceneViewState":{"showFog":true,"showMaterialUpdate":true,"showSkybox":false,"showFlares":true,"showImageEffects":true,"showParticleSystems":true},"in2DMode":false,"pivot":{"x":507.69000244140627,"y":387.8399963378906,"z":0.0},"rotation":{"x":0.0044914670288562778,"y":-0.9939334988594055,"z":0.1005382314324379,"w":0.044363610446453097},"size":3.8431015014648439,"orthographic":false}