{"cameraMode":{"drawMode":0,"name":"Shaded","section":"Shading Mode"},"sceneLighting":false,"audioPlay":false,"sceneViewState":{"showFog":true,"showMaterialUpdate":true,"showSkybox":false,"showFlares":true,"showImageEffects":true,"showParticleSystems":true},"in2DMode":false,"pivot":{"x":545.95751953125,"y":363.8648986816406,"z":-24.21511459350586},"rotation":{"x":-0.1279013305902481,"y":0.029350342229008676,"z":-0.003786694025620818,"w":-0.9913452863693237},"size":147.24232482910157,"orthographic":false}