{"cameraMode":{"drawMode":0,"name":"Shaded","section":"Shading Mode"},"sceneLighting":false,"audioPlay":false,"sceneViewState":{"showFog":true,"showMaterialUpdate":true,"showSkybox":false,"showFlares":true,"showImageEffects":true,"showParticleSystems":true},"in2DMode":false,"pivot":{"x":0.48251795768737795,"y":2.2239997386932375,"z":-2.6636569499969484},"rotation":{"x":-0.22859413921833039,"y":-0.2891494035720825,"z":0.071314737200737,"w":-0.9268503189086914},"size":12.611333847045899,"orthographic":false}