{"cameraMode":{"drawMode":0,"name":"Shaded","section":"Shading Mode"},"sceneLighting":true,"audioPlay":false,"sceneViewState":{"showFog":true,"showMaterialUpdate":false,"showSkybox":true,"showFlares":true,"showImageEffects":true,"showParticleSystems":true,"showVisualEffectGraphs":true,"m_FxEnabled":true},"in2DMode":false,"pivot":{"x":-8.193533897399903,"y":1.4559608697891236,"z":-3.5093905925750734},"rotation":{"x":0.03602007031440735,"y":-0.9639802575111389,"z":0.18470309674739839,"w":0.18799927830696107},"size":0.43624699115753176,"orthographic":false}